Territorio,Caratteristica,Categoria,Ordine,Percentuale,N_imprese
Piemonte e Valle d'Aosta,Attivita prevalente,Edilizia privata abitativa,1,54.5,156
Piemonte e Valle d'Aosta,Attivita prevalente,Edilizia privata non abitativa,2,45.5,156
Piemonte e Valle d'Aosta,Attivita prevalente,Lavori pubblici,3,59.0,156
Piemonte e Valle d'Aosta,Attivita prevalente,Lavori complementari e affini,4,17.3,156
Piemonte e Valle d'Aosta,Attivita prevalente,Calcestruzzo,5,3.2,156
Piemonte e Valle d'Aosta,Attivita prevalente,Altri settori,6,11.5,156
Piemonte e Valle d'Aosta,Classe dimensionale,1-5 addetti,1,17.3,156
Piemonte e Valle d'Aosta,Classe dimensionale,6-10 addetti,2,26.3,156
Piemonte e Valle d'Aosta,Classe dimensionale,11-20 addetti,3,25.6,156
Piemonte e Valle d'Aosta,Classe dimensionale,21-50 addetti,4,14.7,156
Piemonte e Valle d'Aosta,Classe dimensionale,51-100 addetti,5,10.9,156
Piemonte e Valle d'Aosta,Classe dimensionale,oltre 100 addetti,6,5.1,156
Piemonte e Valle d'Aosta,Classe di fatturato,"fino a 0,5 mln",1,12.8,156
Piemonte e Valle d'Aosta,Classe di fatturato,"0,5-1,5 mln",2,26.3,156
Piemonte e Valle d'Aosta,Classe di fatturato,"1,5-2,5 mln",3,17.9,156
Piemonte e Valle d'Aosta,Classe di fatturato,"2,5-5 mln",4,16.7,156
Piemonte e Valle d'Aosta,Classe di fatturato,5-15 mln,5,10.9,156
Piemonte e Valle d'Aosta,Classe di fatturato,oltre 15 mln,6,15.4,156
Piemonte e Valle d'Aosta,Fatturato fuori provincia,Nulla,1,32.1,156
Piemonte e Valle d'Aosta,Fatturato fuori provincia,Fino al 10%,2,23.7,156
Piemonte e Valle d'Aosta,Fatturato fuori provincia,10-25%,3,16.7,156
Piemonte e Valle d'Aosta,Fatturato fuori provincia,25-50%,4,9.6,156
Piemonte e Valle d'Aosta,Fatturato fuori provincia,Oltre 50%,5,17.9,156
Alessandria,Attivita prevalente,Edilizia privata abitativa,1,48.1,27
Alessandria,Attivita prevalente,Edilizia privata non abitativa,2,40.7,27
Alessandria,Attivita prevalente,Lavori pubblici,3,59.3,27
Alessandria,Attivita prevalente,Lavori complementari e affini,4,14.8,27
Alessandria,Attivita prevalente,Calcestruzzo,5,3.7,27
Alessandria,Attivita prevalente,Altri settori,6,18.5,27
Alessandria,Classe dimensionale,1-5 addetti,1,22.2,27
Alessandria,Classe dimensionale,6-10 addetti,2,25.9,27
Alessandria,Classe dimensionale,11-20 addetti,3,22.2,27
Alessandria,Classe dimensionale,21-50 addetti,4,7.4,27
Alessandria,Classe dimensionale,51-100 addetti,5,7.4,27
Alessandria,Classe dimensionale,oltre 100 addetti,6,14.8,27
Alessandria,Classe di fatturato,"fino a 0,5 mln",1,14.8,27
Alessandria,Classe di fatturato,"0,5-1,5 mln",2,29.6,27
Alessandria,Classe di fatturato,"1,5-2,5 mln",3,14.8,27
Alessandria,Classe di fatturato,"2,5-5 mln",4,11.1,27
Alessandria,Classe di fatturato,5-15 mln,5,11.1,27
Alessandria,Classe di fatturato,oltre 15 mln,6,18.5,27
Alessandria,Fatturato fuori provincia,Nulla,1,14.8,27
Alessandria,Fatturato fuori provincia,Fino al 10%,2,29.6,27
Alessandria,Fatturato fuori provincia,10-25%,3,18.5,27
Alessandria,Fatturato fuori provincia,25-50%,4,0.0,27
Alessandria,Fatturato fuori provincia,Oltre 50%,5,37.0,27
Asti,Attivita prevalente,Edilizia privata abitativa,1,78.6,14
Asti,Attivita prevalente,Edilizia privata non abitativa,2,64.3,14
Asti,Attivita prevalente,Lavori pubblici,3,78.6,14
Asti,Attivita prevalente,Lavori complementari e affini,4,28.6,14
Asti,Attivita prevalente,Calcestruzzo,5,0.0,14
Asti,Attivita prevalente,Altri settori,6,0.0,14
Asti,Classe dimensionale,1-5 addetti,1,0.0,14
Asti,Classe dimensionale,6-10 addetti,2,57.1,14
Asti,Classe dimensionale,11-20 addetti,3,21.4,14
Asti,Classe dimensionale,21-50 addetti,4,21.4,14
Asti,Classe dimensionale,51-100 addetti,5,0.0,14
Asti,Classe dimensionale,oltre 100 addetti,6,0.0,14
Asti,Classe di fatturato,"fino a 0,5 mln",1,0.0,14
Asti,Classe di fatturato,"0,5-1,5 mln",2,50.0,14
Asti,Classe di fatturato,"1,5-2,5 mln",3,14.3,14
Asti,Classe di fatturato,"2,5-5 mln",4,14.3,14
Asti,Classe di fatturato,5-15 mln,5,7.1,14
Asti,Classe di fatturato,oltre 15 mln,6,14.3,14
Asti,Fatturato fuori provincia,Nulla,1,21.4,14
Asti,Fatturato fuori provincia,Fino al 10%,2,7.1,14
Asti,Fatturato fuori provincia,10-25%,3,21.4,14
Asti,Fatturato fuori provincia,25-50%,4,14.3,14
Asti,Fatturato fuori provincia,Oltre 50%,5,35.7,14
Biella,Attivita prevalente,Edilizia privata abitativa,1,78.9,19
Biella,Attivita prevalente,Edilizia privata non abitativa,2,63.2,19
Biella,Attivita prevalente,Lavori pubblici,3,52.6,19
Biella,Attivita prevalente,Lavori complementari e affini,4,31.6,19
Biella,Attivita prevalente,Calcestruzzo,5,0.0,19
Biella,Attivita prevalente,Altri settori,6,5.3,19
Biella,Classe dimensionale,1-5 addetti,1,15.8,19
Biella,Classe dimensionale,6-10 addetti,2,31.6,19
Biella,Classe dimensionale,11-20 addetti,3,36.8,19
Biella,Classe dimensionale,21-50 addetti,4,5.3,19
Biella,Classe dimensionale,51-100 addetti,5,10.5,19
Biella,Classe dimensionale,oltre 100 addetti,6,0.0,19
Biella,Classe di fatturato,"fino a 0,5 mln",1,26.3,19
Biella,Classe di fatturato,"0,5-1,5 mln",2,31.6,19
Biella,Classe di fatturato,"1,5-2,5 mln",3,15.8,19
Biella,Classe di fatturato,"2,5-5 mln",4,15.8,19
Biella,Classe di fatturato,5-15 mln,5,5.3,19
Biella,Classe di fatturato,oltre 15 mln,6,5.3,19
Biella,Fatturato fuori provincia,Nulla,1,26.3,19
Biella,Fatturato fuori provincia,Fino al 10%,2,36.8,19
Biella,Fatturato fuori provincia,10-25%,3,26.3,19
Biella,Fatturato fuori provincia,25-50%,4,5.3,19
Biella,Fatturato fuori provincia,Oltre 50%,5,5.3,19
Cuneo,Attivita prevalente,Edilizia privata abitativa,1,32.0,25
Cuneo,Attivita prevalente,Edilizia privata non abitativa,2,48.0,25
Cuneo,Attivita prevalente,Lavori pubblici,3,60.0,25
Cuneo,Attivita prevalente,Lavori complementari e affini,4,20.0,25
Cuneo,Attivita prevalente,Calcestruzzo,5,12.0,25
Cuneo,Attivita prevalente,Altri settori,6,4.0,25
Cuneo,Classe dimensionale,1-5 addetti,1,16.0,25
Cuneo,Classe dimensionale,6-10 addetti,2,24.0,25
Cuneo,Classe dimensionale,11-20 addetti,3,20.0,25
Cuneo,Classe dimensionale,21-50 addetti,4,20.0,25
Cuneo,Classe dimensionale,51-100 addetti,5,12.0,25
Cuneo,Classe dimensionale,oltre 100 addetti,6,8.0,25
Cuneo,Classe di fatturato,"fino a 0,5 mln",1,16.0,25
Cuneo,Classe di fatturato,"0,5-1,5 mln",2,12.0,25
Cuneo,Classe di fatturato,"1,5-2,5 mln",3,20.0,25
Cuneo,Classe di fatturato,"2,5-5 mln",4,24.0,25
Cuneo,Classe di fatturato,5-15 mln,5,12.0,25
Cuneo,Classe di fatturato,oltre 15 mln,6,16.0,25
Cuneo,Fatturato fuori provincia,Nulla,1,36.0,25
Cuneo,Fatturato fuori provincia,Fino al 10%,2,16.0,25
Cuneo,Fatturato fuori provincia,10-25%,3,12.0,25
Cuneo,Fatturato fuori provincia,25-50%,4,20.0,25
Cuneo,Fatturato fuori provincia,Oltre 50%,5,16.0,25
Novara,Attivita prevalente,Edilizia privata abitativa,1,66.7,6
Novara,Attivita prevalente,Edilizia privata non abitativa,2,33.3,6
Novara,Attivita prevalente,Lavori pubblici,3,66.7,6
Novara,Attivita prevalente,Lavori complementari e affini,4,16.7,6
Novara,Attivita prevalente,Calcestruzzo,5,0.0,6
Novara,Attivita prevalente,Altri settori,6,16.7,6
Novara,Classe dimensionale,1-5 addetti,1,0.0,6
Novara,Classe dimensionale,6-10 addetti,2,33.3,6
Novara,Classe dimensionale,11-20 addetti,3,16.7,6
Novara,Classe dimensionale,21-50 addetti,4,0.0,6
Novara,Classe dimensionale,51-100 addetti,5,33.3,6
Novara,Classe dimensionale,oltre 100 addetti,6,16.7,6
Novara,Classe di fatturato,"fino a 0,5 mln",1,0.0,6
Novara,Classe di fatturato,"0,5-1,5 mln",2,16.7,6
Novara,Classe di fatturato,"1,5-2,5 mln",3,16.7,6
Novara,Classe di fatturato,"2,5-5 mln",4,16.7,6
Novara,Classe di fatturato,5-15 mln,5,0.0,6
Novara,Classe di fatturato,oltre 15 mln,6,50.0,6
Novara,Fatturato fuori provincia,Nulla,1,16.7,6
Novara,Fatturato fuori provincia,Fino al 10%,2,16.7,6
Novara,Fatturato fuori provincia,10-25%,3,0.0,6
Novara,Fatturato fuori provincia,25-50%,4,16.7,6
Novara,Fatturato fuori provincia,Oltre 50%,5,50.0,6
Torino,Attivita prevalente,Edilizia privata abitativa,1,55.8,43
Torino,Attivita prevalente,Edilizia privata non abitativa,2,37.2,43
Torino,Attivita prevalente,Lavori pubblici,3,48.8,43
Torino,Attivita prevalente,Lavori complementari e affini,4,14.0,43
Torino,Attivita prevalente,Calcestruzzo,5,0.0,43
Torino,Attivita prevalente,Altri settori,6,7.0,43
Torino,Classe dimensionale,1-5 addetti,1,25.6,43
Torino,Classe dimensionale,6-10 addetti,2,23.3,43
Torino,Classe dimensionale,11-20 addetti,3,25.6,43
Torino,Classe dimensionale,21-50 addetti,4,9.3,43
Torino,Classe dimensionale,51-100 addetti,5,14.0,43
Torino,Classe dimensionale,oltre 100 addetti,6,2.3,43
Torino,Classe di fatturato,"fino a 0,5 mln",1,16.3,43
Torino,Classe di fatturato,"0,5-1,5 mln",2,23.3,43
Torino,Classe di fatturato,"1,5-2,5 mln",3,23.3,43
Torino,Classe di fatturato,"2,5-5 mln",4,16.3,43
Torino,Classe di fatturato,5-15 mln,5,2.3,43
Torino,Classe di fatturato,oltre 15 mln,6,18.6,43
Torino,Fatturato fuori provincia,Nulla,1,53.5,43
Torino,Fatturato fuori provincia,Fino al 10%,2,23.3,43
Torino,Fatturato fuori provincia,10-25%,3,9.3,43
Torino,Fatturato fuori provincia,25-50%,4,9.3,43
Torino,Fatturato fuori provincia,Oltre 50%,5,4.7,43
Valle d'Aosta,Attivita prevalente,Edilizia privata abitativa,1,0.0,4
Valle d'Aosta,Attivita prevalente,Edilizia privata non abitativa,2,0.0,4
Valle d'Aosta,Attivita prevalente,Lavori pubblici,3,75.0,4
Valle d'Aosta,Attivita prevalente,Lavori complementari e affini,4,0.0,4
Valle d'Aosta,Attivita prevalente,Calcestruzzo,5,0.0,4
Valle d'Aosta,Attivita prevalente,Altri settori,6,25.0,4
Valle d'Aosta,Classe dimensionale,1-5 addetti,1,0.0,4
Valle d'Aosta,Classe dimensionale,6-10 addetti,2,0.0,4
Valle d'Aosta,Classe dimensionale,11-20 addetti,3,0.0,4
Valle d'Aosta,Classe dimensionale,21-50 addetti,4,100.0,4
Valle d'Aosta,Classe dimensionale,51-100 addetti,5,0.0,4
Valle d'Aosta,Classe dimensionale,oltre 100 addetti,6,0.0,4
Valle d'Aosta,Classe di fatturato,"fino a 0,5 mln",1,0.0,4
Valle d'Aosta,Classe di fatturato,"0,5-1,5 mln",2,0.0,4
Valle d'Aosta,Classe di fatturato,"1,5-2,5 mln",3,0.0,4
Valle d'Aosta,Classe di fatturato,"2,5-5 mln",4,25.0,4
Valle d'Aosta,Classe di fatturato,5-15 mln,5,75.0,4
Valle d'Aosta,Classe di fatturato,oltre 15 mln,6,0.0,4
Valle d'Aosta,Fatturato fuori provincia,Nulla,1,50.0,4
Valle d'Aosta,Fatturato fuori provincia,Fino al 10%,2,25.0,4
Valle d'Aosta,Fatturato fuori provincia,10-25%,3,0.0,4
Valle d'Aosta,Fatturato fuori provincia,25-50%,4,25.0,4
Valle d'Aosta,Fatturato fuori provincia,Oltre 50%,5,0.0,4
Verbania,Attivita prevalente,Edilizia privata abitativa,1,58.3,12
Verbania,Attivita prevalente,Edilizia privata non abitativa,2,50.0,12
Verbania,Attivita prevalente,Lavori pubblici,3,66.7,12
Verbania,Attivita prevalente,Lavori complementari e affini,4,0.0,12
Verbania,Attivita prevalente,Calcestruzzo,5,0.0,12
Verbania,Attivita prevalente,Altri settori,6,50.0,12
Verbania,Classe dimensionale,1-5 addetti,1,8.3,12
Verbania,Classe dimensionale,6-10 addetti,2,8.3,12
Verbania,Classe dimensionale,11-20 addetti,3,41.7,12
Verbania,Classe dimensionale,21-50 addetti,4,25.0,12
Verbania,Classe dimensionale,51-100 addetti,5,16.7,12
Verbania,Classe dimensionale,oltre 100 addetti,6,0.0,12
Verbania,Classe di fatturato,"fino a 0,5 mln",1,0.0,12
Verbania,Classe di fatturato,"0,5-1,5 mln",2,25.0,12
Verbania,Classe di fatturato,"1,5-2,5 mln",3,8.3,12
Verbania,Classe di fatturato,"2,5-5 mln",4,25.0,12
Verbania,Classe di fatturato,5-15 mln,5,33.3,12
Verbania,Classe di fatturato,oltre 15 mln,6,8.3,12
Verbania,Fatturato fuori provincia,Nulla,1,25.0,12
Verbania,Fatturato fuori provincia,Fino al 10%,2,16.7,12
Verbania,Fatturato fuori provincia,10-25%,3,25.0,12
Verbania,Fatturato fuori provincia,25-50%,4,8.3,12
Verbania,Fatturato fuori provincia,Oltre 50%,5,25.0,12
Vercelli,Attivita prevalente,Edilizia privata abitativa,1,50.0,6
Vercelli,Attivita prevalente,Edilizia privata non abitativa,2,50.0,6
Vercelli,Attivita prevalente,Lavori pubblici,3,66.7,6
Vercelli,Attivita prevalente,Lavori complementari e affini,4,16.7,6
Vercelli,Attivita prevalente,Calcestruzzo,5,16.7,6
Vercelli,Attivita prevalente,Altri settori,6,0.0,6
Vercelli,Classe dimensionale,1-5 addetti,1,33.3,6
Vercelli,Classe dimensionale,6-10 addetti,2,16.7,6
Vercelli,Classe dimensionale,11-20 addetti,3,33.3,6
Vercelli,Classe dimensionale,21-50 addetti,4,16.7,6
Vercelli,Classe dimensionale,51-100 addetti,5,0.0,6
Vercelli,Classe dimensionale,oltre 100 addetti,6,0.0,6
Vercelli,Classe di fatturato,"fino a 0,5 mln",1,0.0,6
Vercelli,Classe di fatturato,"0,5-1,5 mln",2,50.0,6
Vercelli,Classe di fatturato,"1,5-2,5 mln",3,33.3,6
Vercelli,Classe di fatturato,"2,5-5 mln",4,0.0,6
Vercelli,Classe di fatturato,5-15 mln,5,16.7,6
Vercelli,Classe di fatturato,oltre 15 mln,6,0.0,6
Vercelli,Fatturato fuori provincia,Nulla,1,0.0,6
Vercelli,Fatturato fuori provincia,Fino al 10%,2,50.0,6
Vercelli,Fatturato fuori provincia,10-25%,3,50.0,6
Vercelli,Fatturato fuori provincia,25-50%,4,0.0,6
Vercelli,Fatturato fuori provincia,Oltre 50%,5,0.0,6
